,Ingresos,Costos
0,9060.054859356918,108.92068405754193
1,11258.231361212556,120.31314871530505
2,15495.82158675366,81.70547089831861
3,11755.102929456887,379.95967573188994
4,13826.983333140839,155.12741688489723
5,8107.356450356183,108.19073593506262
6,14456.441168993862,333.65356142182026
7,22224.606222897124,265.53573335723627
8,9443.647050980831,529.8735637882788
9,15591.27758471683,358.01391092500575
10,16507.42374949816,170.39816558938494
11,6815.864864771094,244.35309470695333
12,9173.350287052013,354.1103296198075
13,7401.862952971878,423.59804857015746
14,14433.745964500342,424.0514923720121
15,23809.445721739874,345.28966468996646
16,22082.576494481837,102.37703016567205
17,11811.910683933118,151.33184203337512
18,33485.929617858725,140.0194511450246
19,9571.763062371689,211.06180304472306
20,20282.53543624107,105.05818884861593
21,11133.651100734758,229.57271895041282
22,11939.367499174241,475.634015371593
23,19356.950547235418,354.025283180231
24,13741.622080888716,46.682083655233384
25,10542.816132722064,262.2928018688822
26,13411.439672595077,598.5545833715317
27,15337.541648730943,77.31334297300312
28,5342.038648998728,360.4623413015477
29,5098.8677400093065,1046.239355878181
30,4704.269626198682,189.45051276429743
31,18119.27113955615,288.93121686906335
32,15099.151109886987,64.49858959603812
33,10264.786425994916,160.88181896624351
34,11050.035305657733,168.82265179301427
35,13171.512815174614,130.0114382552963
36,12593.777220489814,413.5670470348282
37,7941.379269832762,707.0684752907327
38,32271.198944435568,369.3285758330898
39,6560.070286429538,369.26608379230566
40,12502.767220614038,204.0412394827022
41,16137.575820828233,290.6252378383374
42,7532.9924860349165,570.9512068181784
43,10944.595082382875,807.1240785760764
44,6665.629864371747,72.30185443985353
45,15969.227364144912,413.6698693769781
46,16952.774942626023,52.87115524196476
47,10376.0694704029,74.19017417456705
48,11120.16732748638,625.4943591593253
49,8567.903391116184,206.872696859689
50,3778.900471003823,112.92525761741935
51,7716.123250504916,488.33557398363945
52,19033.765646538424,296.29779624179145
53,9367.923538035735,103.54745969677235
54,14789.873146013751,131.60640878874622
55,17932.07839883002,323.0674353985562
56,7821.622851143146,479.2314154560637
57,9131.486216974004,227.51682398504175
58,8300.78518179403,233.98720187889052
59,9546.267448870685,678.251236287501
60,16831.603747674184,62.832555321697726
61,9860.311181600495,466.9502300197793
62,10781.392101154037,190.8592051197618
63,8151.8699374907255,246.64303783031474
64,13719.14679620809,122.46048961627815
65,10799.922599912752,111.26424884793674
66,12692.857503815932,955.5296332590467
67,12584.090134335323,170.25285893543958
68,10876.130641593047,242.19592466752107
69,6451.8867230096,568.3579249003569
70,16570.128358242597,156.1339272889151
71,19735.623105184008,616.6141129443464
72,11475.901559798252,271.2539305680232
73,12779.509797439401,223.814889961947
74,17202.197529399866,321.0660548067123
75,24951.604284508638,85.25003657197061
76,14186.200573725793,645.5034672477346
77,8665.736631422682,498.0953746451
78,11078.227720638104,365.80717667626465
79,8784.24368004664,174.84612457485392
80,9623.299342271952,210.59691178083062
81,18791.891859504318,105.4259515557715
82,9270.713935654345,63.74259704897258
83,17534.065234816517,179.05671534885468
84,13455.282992068243,196.5398260099706
85,13643.095413463861,63.53096523313177
86,18788.632662451728,248.16479192978727
87,13728.942182205477,84.02497622770625
88,6084.2927192669185,125.25275664105253
89,6117.096069592764,540.3276517370359
90,5679.14253095487,201.96834406300937
91,9829.565760678317,692.9234662837187
92,15330.009088434002,120.86503557789922
93,15015.78486065025,426.8333770629716
94,10522.761449895172,189.35252652166943
95,15898.93490164328,141.93165465747228
96,17924.43271500003,374.98827938690096
97,6123.490796413041,319.643075652763
98,8414.271547181532,400.7294786619847
99,16463.606171482632,165.2062489295283
100,6932.397905340218,117.38124427003635
101,20367.787253602768,163.55387144971834
102,10615.077870602518,502.4813980065965
103,5048.533309903214,181.51249523061668
104,21714.029780759465,134.60970777696724
105,13119.91958265761,83.53475771161632
106,8361.732027315831,122.64617806681949
107,10299.533633266985,50.879035530348766
108,30813.397556107167,309.2322215051433
109,3690.0026454274534,323.68133759248457
110,11023.48172392136,248.51471147194965
111,9119.019505354767,118.63618329135063
112,11208.748618614081,281.99019825980486
113,13873.529833878281,121.18901995470812
114,22009.491069547712,329.99951335549395
115,7556.135546581955,529.8878785066894
116,8169.415155317254,178.55445070539307
117,11097.818481992108,114.04772726399263
118,12342.067934049506,455.01649453066483
119,23527.03964520466,670.7365767221346
120,14855.048217862197,562.9219742996897
121,9104.53771556905,310.9386349834239
122,18621.8563483516,121.89285601554025
123,6980.531056877929,143.44485071353162
124,7207.595148099446,609.9182202533996
125,19209.911747199872,299.0878671699269
126,18890.299461248112,950.5658443564923
127,12296.317607393528,149.8412879906466
128,15276.513894968231,196.83585840121515
129,26065.19284596078,337.1506114342403
130,10068.463019619758,102.8975178848373
131,9913.885297871295,275.92439350734867
132,21379.188369768202,139.51097047395155
133,14048.099323855335,170.30730036887226
134,10386.163666975479,141.5341280906015
135,18901.65423907241,405.39576492093005
136,18825.884609383636,132.24230511626286
137,12263.913852864956,132.42005575239165
138,15249.891620748016,150.41022345449178
139,9693.666985890364,87.96646217789902
140,11966.252036384905,941.8275212894574
141,3166.0331735828336,786.3194084253009
142,8017.638252789866,198.71887560678468
143,25024.418822122774,57.60859441986573
144,9048.165593701293,93.73501615503022
145,6820.756970342889,205.5037020442957
146,23200.53206787641,81.99977562683459
147,18128.632298183944,170.5610586424566
148,21946.714654962652,185.4538069341271
149,3704.100069649039,41.59807634960374
150,10239.994406503807,244.7394620494745
151,21012.31622153508,727.5051993202154
152,18352.828700334037,545.6830821813801
153,11821.971482860043,122.29285240463172
154,8318.461075206402,327.8656952114746
155,14355.023938594031,155.29020316030557
156,10470.759394995013,231.93321072386755
157,9552.347174316854,670.0467956737845
158,9769.394753052373,243.10224613456697
159,16096.767094218085,347.2869503151356
160,19233.114314133094,161.41928161427828
161,10546.948523872728,150.65860581970523
162,6037.63971434052,215.0361134269606
163,8661.097909504984,454.46429434763155
164,7999.3038592521825,266.1834992366916
165,15432.383452325776,60.67453101144692
166,8640.90729668599,89.07062419788883
167,7070.714163019935,120.17314938828457
168,21052.16169119516,104.98925365672095
169,12569.45020175558,583.7636868361298
170,17764.836972763205,106.41903970005356
171,6289.293945929414,317.83013043385085
172,14960.64907035391,893.3946890643372
173,12401.442170309567,240.1346256789933
174,9921.401760628798,149.10715203850896
175,23394.320120121756,71.63695152911784
176,9081.585234798406,330.8841186373581
177,4418.165319580581,77.7221256670083
178,9524.392763252597,188.32522232982623
179,7693.059265444813,339.9870948400417
180,14504.01986655665,435.1055202944279
181,14439.243189673565,131.07360637846133
182,17784.115642483008,781.7419443655683
183,4152.2824862885445,616.5851579820026
184,22287.332770368685,73.91998905316045
185,27834.131047067855,55.213241017247235
186,11964.896445790528,541.4536991135892
187,14989.753576847559,617.3754631265062
188,20171.35579953894,174.62377286065922
189,5070.082736662792,310.15414925887274
190,5538.989615470902,81.45337093654989
191,13381.135631383177,230.39705202632817
192,13693.185595613593,136.6531984428971
193,15334.645571412013,257.61661080433265
194,2961.722127335403,157.12031910990652
195,18063.598378947892,116.96170641523186
196,14377.039398578163,1388.5493466492812
197,12993.550507617381,107.84533932931399
198,12874.18959245506,59.004483038990536
199,7745.110481261812,356.13759430056285
200,5481.287919120509,111.95398426187501
201,14752.54711671388,205.72849994496886
202,16200.504231431358,29.245206290133762
203,15305.578256001314,399.97694153552425
204,13333.359564867647,233.8219869941216
205,7839.569229942739,180.5217333334697
206,12547.765164743485,250.87501981383372
207,19919.776549209,382.1863277852907
208,18214.93192813524,144.03227026890016
209,7617.536880745517,76.21684408723834
210,5076.95798453218,202.1672959787671
211,12723.711015328241,405.39765911292056
212,5298.8366586608145,134.01927083000177
213,10114.811255379282,35.92724406519454
214,10382.1233957449,129.05896166942279
215,16032.447347671132,399.3167318942774
216,12995.12361064588,250.8450863692829
217,4671.613380183914,123.11118946840557
218,13966.246731201165,358.39752003150414
219,16197.878599938822,113.21382030125868
220,5720.442938864424,426.2943334937117
221,22957.315918480777,178.7019213850565
222,16660.044398359092,145.01874079267824
223,18758.700470167885,455.3269314086747
224,7878.187227127453,239.40995117651153
225,27792.64572773604,188.9716549653703
226,6930.137027219904,171.11182421295968
227,5979.39244349899,423.892354986833
228,5792.82431602825,1081.0719287290465
229,9351.997890920267,112.5732380468592
230,14770.468155290402,36.751778497871534
231,22720.17172653652,213.41446972544674
232,9532.958114641262,144.27178904731844
233,11538.784758683762,228.11652596648474
234,4107.573576037307,48.95928148761458
235,15325.180275860273,452.8319775165321
236,16969.756545217242,1268.957855917454
237,19420.945878334296,96.69248418392213
238,5957.599208066105,140.2992787556473
239,14637.094587227632,518.9066021537758
240,10383.257233023101,228.33621881631964
241,18068.076242024174,160.71584620055168
242,13849.81218942628,181.39906602479357
243,13993.572391039217,367.34428291199237
244,6558.755923779461,781.6589116104326
245,16691.582263287102,83.5546187291522
246,15133.225782632766,110.85892685071725
247,9999.47115287486,371.7745494635594
248,4479.770738595965,235.0210177993488
249,13961.724784656111,239.04485394207592
250,11408.472539910192,84.32046438416633
251,12808.762015079605,329.70021907339947
252,27630.34622436871,336.2271207491585
253,18549.244679917603,268.2199033426384
254,4935.254122890887,1396.9439953715807
255,15779.97408188088,223.80950940299982
256,7814.230811336218,397.3086397634383
257,4713.57525173199,159.05961266626542
258,11659.515536741068,184.88133100889195
259,15724.469594948438,214.64635995426593
260,8030.7170678305565,133.1532339371782
261,8097.136032804861,101.34150331588047
262,8224.677371239635,281.7402326719692
263,18946.387650160996,897.9976304253379
264,9666.956951014017,56.20644097303226
265,13010.912364190628,146.02621288781478
266,17709.482056398952,169.5308876504558
267,9351.541978664258,255.48766806323567
268,10023.350459020776,168.03237422616309
269,13726.735429840404,133.38600509391784
270,16894.91687479629,32.182630413349735
271,9514.304655276715,197.22971107068216
272,7813.5910288260875,167.55805330184376
273,10177.933279962173,220.60435550054152
274,10768.472650208341,74.6367053540191
275,5068.444047891318,453.94853665164214
276,11666.081278881922,191.08271882436517
277,5746.323117764612,219.5468459116598
278,16527.54289873275,619.3397246834455
279,9649.929207203997,183.85513875174271
280,22779.551115222017,184.93225124703883
281,10930.786719784353,331.17684636848855
282,11872.0191182947,170.4506127400195
283,10834.59973265518,104.15721784733266
284,3520.1602806644505,197.4869022644376
285,13668.61645961348,87.94660232841444
286,14200.288720553088,686.0473311051089
287,12589.068902000097,133.65163400813373
288,11476.102306974954,406.64666397580976
289,15792.274413770127,265.8840050282949
290,7170.613298428387,126.32267950322968
291,17597.600718912716,91.95104829342455
292,23597.63210261971,119.50922813662987
293,15020.016647392073,148.47571656336825
294,4579.985778136349,74.88108533574695
295,17013.770279003067,377.930243729703
296,7508.353908124394,84.4513976916192
297,10121.962267591844,420.6130093438592
298,12210.140789011899,272.8911820772766
299,6254.444597694569,342.2515297838781
300,8345.561933445844,49.078021401248414
301,8177.941721030284,451.0850397735009
302,19153.889568752016,197.59653899784865
303,10066.748250457198,89.6540919801247
304,5056.412552903701,276.81010038165556
305,12734.84283061484,193.12259482199914
306,9843.574474149857,299.8995078781428
307,19419.522573472044,285.6456007743875
308,11309.519318029845,64.37755388864038
309,16290.285195522536,270.17645874179146
310,25943.76529440227,428.12299829669695
311,15303.764670451828,303.14938909235286
312,9199.915795848068,234.3932918741367
313,3290.3015465605213,362.0675866638195
314,9520.686401754081,617.7595444094828
315,6504.520800862574,199.37420285457893
316,4563.345362289975,196.54522327675406
317,4075.22455258682,372.64974952631945
318,16224.467261979733,165.12272816772958
319,16054.533062995586,53.993262016028716
320,9961.385978949786,728.9859834427934
321,11080.331287491068,52.699668973117554
322,19656.05777637421,162.22087778036953
323,18367.056535660056,1387.559428345055
324,8139.341527473332,144.22008482437886
325,22424.8213132196,65.56057416723328
326,12369.0372425399,365.9857989965333
327,12380.517540439665,299.9799600485999
328,8579.920575819671,295.5017425363512
329,8887.528815923484,637.7703744086479
330,18749.169678573668,77.42252324117698
331,17903.40230135928,200.36204124453462
332,7130.506003041359,571.0409928897622
333,5123.380577665207,143.75893342473094
334,11015.336548198282,108.87159853458854
335,5210.111778253656,177.40390745504163
336,13878.097660955562,89.91469533583088
337,14700.683297360754,127.20471549220781
338,11767.715582616356,178.3549028298773
339,8829.046155141064,125.81255532128662
340,19576.81360896618,240.0531138826062
341,6819.931522688175,114.66355784968712
342,7708.470407118536,289.8680307406638
343,14624.812515080279,107.71614629757674
344,20443.75131736002,168.0244185518882
345,14863.772032907953,278.3225783067891
346,10103.153870807357,148.02889383377953
347,10576.551777630517,304.04955764967127
348,16198.75325579329,231.72944669137942
349,7089.877695720125,112.85380965435931
350,7033.34200885148,75.72552603912541
351,5016.899657830052,117.7566194334618
352,5975.962316741593,130.04092145774825
353,8716.727448875074,286.0125309528128
354,9049.305517093495,394.5458125714368
355,15189.872673650343,173.17420762027828
356,15364.074481360187,243.4799727984916
357,16148.889067323036,81.00727458938803
358,10936.843898525694,72.85482107351869
359,10896.456683681101,259.13755512059925
360,11617.850357861184,333.1402773017883
361,7769.179745984894,768.0770417248852
362,5349.9556361322275,529.866100587791
363,6268.630852187521,830.0894702176139
364,7203.6325901314085,737.699853652122
365,15156.83565309551,222.35724970875617
366,1957.7712233987186,96.87582834293148
367,9518.564238039624,194.61968832276222
368,25729.951816546432,78.11801020120738
369,13508.081647291927,133.3303367547125
370,5747.66798324807,1636.1252615329056
371,11278.456269351209,263.28964329586074
372,10698.14446012842,135.0808414653627
373,14835.175134177802,100.58374276103957
374,18014.028225709968,106.86825066922252
375,24014.035858129497,195.05186842087693
376,6453.713449062828,165.0881432774707
377,17074.8063315216,188.5560307117863
378,7882.045294871959,183.2473985944483
379,10568.666674951142,61.130561355552764
380,6227.727461631971,48.74028682422616
381,12157.56393078161,109.93640037720061
382,16601.73935187487,93.7658549955662
383,6548.946546760431,276.05566179289036
384,5736.209818735775,420.3475457457846
385,14188.780967125242,365.84933068423214
386,11510.06491956276,215.2064853791767
387,6696.707226258489,582.1382094813035
388,10241.350562213584,528.9223211361557
389,9132.11773048185,1245.3941393704622
390,6941.796279619278,129.71703201749162
391,15689.408501086422,121.42157409227073
392,24114.324001588782,179.31979741229472
393,5715.830220003475,165.42540985750284
394,8981.608693625029,83.45178802465038
395,14451.717649562586,236.43392870397773
396,11747.847628867734,182.32528679581398
397,14634.771242439121,631.9324107735342
398,12367.782023435098,206.5886336735058
399,18472.92182157304,242.6492803873947
400,11532.496558421943,291.73990744450316
401,6732.485072474007,188.1895726451195
402,7809.013615269166,460.41031986806996
403,11841.834171878054,546.0088760570833
404,11421.195468697448,303.72806097176397
405,24257.678892544634,219.56000039589625
406,11148.349293540068,99.39073085806679
407,10167.523959585442,855.5343736424167
408,10162.614390977831,49.9412615704968
409,2253.4913763652876,104.18170492934847
410,17155.407491394857,458.62582407630424
411,7821.650290815877,727.2606607970035
412,12534.5382110207,215.3338135958148
413,14112.722376068994,533.4545815774169
414,20561.459913698644,486.7041311690498
415,10644.293075783482,852.6592985030401
416,4822.7141579164245,251.63175282612156
417,3815.3153518264767,283.6091580299223
418,20004.640267752708,111.2273300023417
419,14161.568179102147,62.65010558027422
420,19387.41097964619,163.6158051106945
421,5616.476344436053,136.6352970870939
422,13877.015608031823,118.74538641689486
423,10991.194408804049,297.1665955377203
424,17292.896278516102,31.366737433423506
425,14308.944642564042,304.2934033655254
426,18567.769237132157,308.6190908003182
427,21114.524654250607,409.08572196672554
428,17018.751593794528,215.73131250156044
429,21250.13300449244,211.37379154729263
430,7862.262656258884,217.1595449582718
431,24533.713700923006,1280.5453125656954
432,12176.142759291535,191.59146141160437
433,5053.615139802262,83.62280129682952
434,13392.957676772257,99.30713330088514
435,7687.201959510268,37.46772726779433
436,15241.586484390542,162.15111672544424
437,18306.06044432753,340.57005896117766
438,4670.809505207108,259.91866503019736
439,7957.230463756456,1552.9616129215879
440,11003.294718887351,120.90123184879437
441,24621.17454417575,512.1573823684253
442,12659.686050594453,202.6313231079899
443,14720.493849397848,141.99911184834164
444,11917.725465134712,160.1550057110779
445,17831.265863071814,69.94482808336997
446,7715.435625703999,443.4001050369444
447,10672.949447545152,255.82232078943647
448,14923.783580986099,103.65688989838999
449,15298.642174985363,152.91327965125078
450,27131.867257251168,236.12795134499305
451,21673.949224920012,252.60254366344518
452,11112.54167563663,158.0441250926401
453,13741.299699720137,245.44920430126166
454,15236.416712304108,328.6485928358172
455,14897.433080633866,386.3209346023629
456,9886.768058659016,612.6877012134382
457,8582.756879102415,399.98347095093516
458,10504.435818599542,149.54635002055414
459,6839.267460309677,250.09982123117305
460,17053.44954418452,321.6843453717559
461,5991.442681383305,241.88535840778894
462,11557.62368765172,173.57039257864827
463,6258.386085783539,105.6533097908303
464,8725.598446538474,115.78606222420146
465,14019.019737131297,111.94327162199468
466,10300.90067896721,291.70392801081323
467,10826.90607513671,203.40793451307573
468,13303.677142057346,86.46907658735552
469,10177.042107679536,490.27284540781915
470,17640.182754458652,314.9652702574805
471,6201.454019998541,106.91469112255093
472,14002.5965923306,231.39570544925525
473,13901.52757289056,630.7886842034623
474,7327.263463486847,382.09899503890443
475,12519.137246195436,253.46100424093314
476,2588.7277403179046,238.80223717593057
477,15584.769577926565,233.41051139197546
478,5538.255033046038,194.49503006503397
479,23376.792382168078,318.95036391681055
480,17742.758588617387,73.22898837844167
481,13037.29441263518,557.5808070642461
482,23881.767753120646,450.5262031811204
483,21730.14564817905,137.36959575860186
484,22501.361806711084,675.2792227925717
485,3985.246369545358,1847.596021892854
486,6213.051161364232,53.4484524204034
487,13623.34026231956,94.68177108101185
488,4996.2834280486595,413.94117326007125
489,13575.506932929917,655.2281924889446
490,15470.914211283593,155.8607931191914
491,9946.40684243593,79.16596403325181
492,11484.302989530075,646.1394552615506
493,7030.023910692344,353.0907464060997
494,14549.164353297185,194.88706036123236
495,14779.037165331547,170.709277706447
496,9279.94843341822,610.3851010399442
497,15464.98346881435,284.49399978581056
498,17217.277278615336,438.19571009630926
499,5866.91562530932,140.8561092561769
500,7139.160443188182,151.94259257903664
501,21473.0300541534,111.71549078609101
502,8929.991670390807,100.53963686943439
503,17212.67620743012,176.5892227105992
504,22649.280215700943,1470.9585620910807
505,18360.275328917338,127.53081650554986
506,4603.631231779173,285.9143943986453
507,12445.423257217542,160.96178946305525
508,13468.23278351736,56.32887279795591
509,14350.40495579924,142.907791185439
510,7807.203974376617,271.68380623074773
511,11805.722203024088,357.974492150148
512,11509.25383045783,553.9074644314095
513,17475.825819168746,98.8360813752238
514,867.4393118862351,164.0454294622089
515,4111.676920672904,89.46933712875388
516,15666.994782173566,268.00635334740474
517,8587.319525802664,70.25346193146868
518,9964.762823571955,108.55226800638806
519,5136.70429810596,355.97999262425765
520,18564.43359716691,163.14622142887495
521,19727.54038618583,145.38134913278864
522,10330.36769544059,65.12423654911123
523,11367.62524775604,416.07353988373575
524,15040.98787952853,400.08720846925974
525,35007.694225081796,474.9450516678629
526,6717.51940533407,450.7643797015497
527,9111.428352831259,192.40030233279222
528,12807.261690536896,228.33077413235972
529,16087.85790099006,438.9830830112075
530,19167.04854060731,146.1755208256194
531,7314.696246240813,102.14791194780797
532,6686.800428703635,206.74272768382758
533,19008.325711691712,106.93835131053902
534,16939.308609577885,139.59381826492483
535,6244.924964095841,99.74889099404983
536,13549.859791715868,126.66996250236124
537,20798.11619625981,218.18386685025646
538,11531.50044336531,399.0809920560368
539,13323.504758729712,123.39250287612073
540,19635.597177288622,229.3225174106539
541,22035.324488401056,400.08531768477934
542,5144.403224539357,257.2897455552474
543,22520.300295805537,184.5363205007948
544,9820.364396422083,224.15592287942854
545,9796.96026571819,97.95363105039395
546,6932.636221335685,221.5279250255286
547,16197.156924093955,196.57802753780538
548,16558.460754375243,213.47684803277386
549,18612.075623631565,77.36459264019568
550,8567.806757987217,83.26503696935482
551,12417.207040399677,97.07488214764562
552,17898.55226678458,150.04447883632335
553,8667.325398114644,360.52888321169235
554,17263.37361145083,247.45159363415024
555,18209.355049906993,663.4400975240213
556,20493.30169010364,297.56425671460414
557,7096.210683173292,226.8465046882421
558,6360.816376878458,361.50641429515116
559,8507.967828331113,172.15605776534932
560,24277.482819489374,128.39821251282174
561,11203.825130804553,143.636188526116
562,22897.072190847346,711.0424108998225
563,7088.456762274633,85.79302731468862
564,10392.92192530064,96.93759001826884
565,18044.975518258852,147.53352497897998
566,18101.005321548673,185.08405527026144
567,21586.66194860892,590.031802042735
568,4351.600404221043,131.42385611126326
569,10706.17694853474,571.1085721864673
570,6428.370471650633,61.14942545142609
571,13331.88822763366,278.09526321456957
572,10173.941809226008,217.7943698933366
573,14206.535958661903,360.3900260030214
574,10060.70664707902,98.74181176571614
575,7413.704641776592,288.1282962957999
576,13840.585631605109,152.7300969487582
577,2664.057013626382,124.22393173217486
578,6904.120971614866,66.23568707167638
579,10274.840228854573,255.25690436251543
580,5194.122026237569,152.49495056698032
581,12336.189193772105,846.787091993652
582,11235.843313326926,242.24330248859224
583,20318.489020272824,376.44502383286704
584,1750.103511121471,608.2629749679376
585,9528.426691426304,210.2305314766507
586,17316.47286788825,263.96313279603623
587,13793.482801421716,173.99989460084308
588,7877.605660837413,472.063185967998
589,7125.546797480897,131.17557064219594
590,12226.902323023247,782.9607025041865
591,11587.454818988335,111.13924483524339
592,17806.928738312803,358.2139759376814
593,8738.877316791375,262.34252770688965
594,12400.220569628746,126.3199567713001
595,8239.37864273709,71.17080207523739
596,5477.807153344444,248.90861790565324
597,12679.93368473039,275.3854575124218
598,21645.877230737635,544.1300247684164
599,7642.346069087912,107.39132194171772
600,10853.649332327312,111.8054841396821
601,20122.634636206385,181.30499633592308
602,7394.51475244231,103.0159060283934
603,10862.18674544037,224.5946232338854
604,9542.055160359896,211.58722009991942
605,17565.717328996972,117.47046252879473
606,6141.84183566569,297.4091665038882
607,15118.331775245284,189.2556776309401
608,8675.839183214015,262.8472829008079
609,21369.719302105143,130.0030925869755
610,14050.754033590092,395.9000413938665
611,17414.775960998337,253.96444871504173
612,7563.933154272755,206.79318774072584
613,14655.70151832883,370.3546017159156
614,24155.453474840142,476.20197690066624
615,15999.216365404049,364.0537839329328
616,3750.517518208668,245.25871107955223
617,6099.691025623483,288.11180025560446
618,20677.88554073978,521.1343040582885
619,8849.03372118968,179.71992575451384
620,18995.42824560572,83.68461491927924
621,9627.621989084679,248.75886473637834
622,7881.891973255663,215.73346474951543
623,16326.041349023748,593.7068437013739
624,6246.360992904108,960.2287111675242
625,20540.030745720378,300.4592016972633
626,13164.138601367897,72.34351236906389
627,7203.094015111731,141.56386960632076
628,9569.909707115736,126.87544618240644
629,9062.389037478957,265.7181539340704
630,15742.685528769814,345.04088892137247
631,21890.43438259821,94.67532734835403
632,7714.177971188614,230.7985564816648
633,15532.32186315532,368.14333568264254
634,14263.410003579955,63.22529289863635
635,15894.001723979478,132.5600724814965
636,8349.899014914097,79.15595996532281
637,4403.837497233738,60.53701765699875
638,9317.295836528652,81.42463910120011
639,6687.447094883761,211.50082331460774
640,12130.706803189109,223.87091255713085
641,13159.188612049362,708.7570465425014
642,17517.088652065635,214.05488227826868
643,11865.336031368106,432.2217124433686
644,10805.917436531518,657.7430404960477
645,11265.551416753657,463.8484426177747
646,14598.459190957743,219.98126405816788
647,12845.0985819127,178.80869485135588
648,9406.561126637573,92.44366991137879
649,24409.17260286619,345.1665442902741
650,8217.916071563406,71.99897039616181
651,12672.719886569881,269.63910535099745
652,10571.04264832601,125.78173932668601
653,15152.404273910517,86.89620887716326
654,18674.89706882046,81.8708486034487
655,4631.400869260047,420.1914162834235
656,4049.6537429408736,879.3950331502712
657,19982.951480782303,72.78119289761857
658,8134.340679759606,459.03076819189664
659,16352.410694708307,849.2199353152242
660,9804.910279660082,232.35247669318693
661,8986.90961087787,132.721716151014
662,4501.803753621999,140.44347757441543
663,9249.516463269316,360.94365640150033
664,10106.250001953185,297.23255419276035
665,8863.51284767374,270.87841917898834
666,12751.06067474545,80.63609703813157
667,15837.799952960495,149.93663154216887
668,13339.868493315918,111.70451802735118
669,15775.257822452391,459.0333688644552
670,4133.804754204104,53.007979564096004
671,16115.771762073124,424.9981666817609
672,12027.502382327306,123.4255428719896
673,13538.176839044905,404.6115670096023
674,10604.715204931306,98.69892381746727
675,9286.511228672127,564.8733862193728
676,13329.485386975768,1103.8207436133766
677,10824.26625971159,204.25396355753574
678,13973.52234606573,479.7877677871147
679,28343.710889272963,146.06629843518607
680,21022.107976190986,344.8540828150592
681,3378.830451874726,338.39588245743664
682,19513.084780145273,298.6301776418432
683,6112.866806712424,192.82059938195295
684,15445.040883052305,183.86533448996852
685,9445.763161533889,145.15804188556953
686,8292.63597632367,216.62955181836412
687,29914.106136904407,254.15388264795547
688,15413.864794208084,300.06867651082945
689,12795.035138947502,46.10003640143592
690,6846.778536006665,237.33590527903812
691,14051.384771069423,162.04924709198716
692,6885.298562482414,96.33398646109227
693,5219.92467213472,501.3892583187846
694,8470.376264400655,865.646658925403
695,6635.0110134321285,81.76183677948634
696,4020.169106926827,430.8423621875591
697,5519.954046309423,240.82218303357536
698,8670.532386166136,475.88393075197126
699,14819.661067388333,137.49381715923388
700,14811.963648781264,128.71885018641177
701,16286.5870038552,78.8634470308231
702,7422.647347742578,162.440806495424
703,17109.03330493438,223.1340787024004
704,25861.36274985641,202.91511943932383
705,13151.210668414291,158.71864715081483
706,10020.4025026167,279.9867732320116
707,3713.291256438311,68.03732252125741
708,9640.040078335196,376.5376455024534
709,16702.38160620413,73.42410532649492
710,16109.76003487877,198.30173913597085
711,5288.244414300544,70.94970382545387
712,14220.618582490075,144.57354865806118
713,5491.296963678394,238.31203822722767
714,8822.983434402435,275.54831295486787
715,13176.131201072878,510.93860824357387
716,7466.598401685871,436.87931008454166
717,13172.24243702246,288.5642434806998
718,2775.8568729772865,146.84433784257746
719,14537.95132308567,204.48226185798376
720,10506.468452662568,311.97415619537867
721,5727.528084243089,1372.0251795117142
722,5452.028926010122,181.77584137528686
723,19417.936960326933,95.29761523639638
724,6717.526517509378,105.1773929259508
725,10267.232012536359,335.0238959077764
726,13015.004090470527,295.0381693746374
727,10967.633042376752,140.33804363735268
728,11206.579672846468,89.47757227993557
729,16715.082264381243,108.38185310316572
730,8192.194381304445,81.2709044823857
731,17422.500948262707,286.416333062111
732,8910.920041983563,96.03977230253784
733,16569.013265703077,380.4010880188531
734,9468.989303253065,62.154107813710354
735,6717.053383293391,507.1167635344324
736,27995.73389012844,1111.7246417094775
737,38004.400771085486,210.7926195127709
738,15463.085420927011,145.55646234624382
739,12210.181623568702,420.8367553690361
740,14519.962362165623,37.11662626309084
741,20314.269455913316,686.4270445437278
742,13031.127419272905,433.6455181571725
743,6324.208341970929,172.18360070113664
744,5520.367738590544,155.02492108042298
745,19644.4254096282,324.19035752447013
746,10923.256727504193,351.1156510474899
747,14323.321405524084,197.51749580690628
748,13833.656480142587,428.88552781493786
749,7135.741122309003,182.9367429200972
750,12562.245730517006,155.7877349486883
751,11658.949108335906,259.8567314201238
752,11945.487734663835,240.8364246498041
753,10441.459308076486,84.58578311172904
754,4623.087947242423,264.1455939879874
755,10167.11604237185,900.6860590970513
756,13902.409635506234,95.50042625485885
757,12508.344929695251,170.02825432523363
758,8144.3711777395565,219.98144638943512
759,11589.882451799402,452.7663635406986
760,16085.183749907963,24.270442138472177
761,7935.444789140954,77.47286688489012
762,10785.125621236186,128.48136800542926
763,6293.936444817587,102.72556914219462
764,10186.9766463249,381.8674878421681
765,7579.05336926745,75.01326354919
766,15215.530933940732,339.4524165183692
767,28704.552143587818,130.25401402862633
768,12870.68795341235,639.5365752691987
769,8741.253975018348,113.1661046343464
770,16630.014760819085,305.54964626050787
771,10816.13368325353,246.050603009788
772,7215.051279753841,201.09486792726742
773,29208.991372332915,243.73828699848764
774,12147.927090890189,229.13646296263187
775,16265.100016854545,86.62051496893402
776,9578.791034106032,224.79773226182994
777,8669.422718918993,139.35460682132975
778,15405.499311673306,73.4850545905434
779,17438.67467173088,144.95005157996144
780,14585.817066004294,67.13439072083844
781,20156.92790383826,83.56166196576287
782,13650.370385932536,120.52539053983593
783,7130.2131666255855,346.26668608056315
784,13255.09568342926,415.1890249758081
785,9270.8458643501,173.32587139325793
786,16677.422969683947,90.18498583686738
787,22774.62669200451,189.1360880152805
788,9650.34479579585,361.7443802724388
789,7476.113336159974,987.8597785936462
790,3856.435257885133,242.1410251634119
791,4542.890607287344,45.92510690268722
792,14830.129572727334,239.76957373405904
793,21918.720444449027,113.3565563240427
794,10617.213235478033,368.1579655426192
795,11933.296092523158,1012.3269704125978
796,10441.306628482878,138.66173807053627
797,14460.878698438757,130.50347482403066
798,13311.011942833951,61.45519124367322
799,9072.784980781908,143.72557853636292
800,17555.93330632088,167.7187950250692
801,5538.515918591554,206.8615821758811
802,7067.743252864577,392.40255418851564
803,23398.19156822232,98.00821688421168
804,11559.763618241146,94.0602532684004
805,2262.061727465972,185.21407565159222
806,5293.445222419044,121.4865814507266
807,20881.73164379228,311.5638866982712
808,19962.456581855975,392.5298068736226
809,14211.358202215517,203.2053209227411
810,23364.533194843905,530.8407453450504
811,9119.265864263938,456.60727533739026
812,15080.308947636002,64.56186383765089
813,9855.204221312159,101.19762740420849
814,18933.901282028142,136.10968616453954
815,27235.273877885018,377.21023223196545
816,10962.520198531382,284.65760462784783
817,7950.25926169747,163.68873453049665
818,9777.589378949211,211.56247309622688
819,9841.694614571315,207.34841484673618
820,7195.797942051309,415.2876387453454
821,8967.595084649874,173.87139922365034
822,9101.086998651548,151.35329080217844
823,13145.887505094299,125.14779507120345
824,9974.575900787084,504.0069664592131
825,15442.70316184591,154.53762518148216
826,5573.287537123257,182.08818949191254
827,17958.990489642354,99.14530599169343
828,8162.948498099359,84.08542658004029
829,11007.797159925209,223.49997591565503
830,11130.753081350993,843.6941245709073
831,27108.90290898747,96.72270620962136
832,15587.568624713409,160.51552454106397
833,13078.454358117891,177.66682411908897
834,9131.361330064798,128.03343950621456
835,5720.832248877672,427.1596023924002
836,7025.8703069011935,140.55337350354773
837,12486.347469053453,250.23695247508394
838,24171.354383442398,395.24872713002554
839,7819.235885386654,300.17783717817423
840,11534.326612877896,454.4509530192179
841,7050.898427932085,70.15916061923116
842,12924.092864211314,604.2516168424355
843,13527.416506961043,116.33052703528816
844,13110.0877010346,263.97162741530633
845,13573.65809135357,217.34277063893276
846,15291.133233318997,390.48908443727896
847,9618.102326892957,95.20935778776635
848,8241.411435522636,627.0565384900762
849,9006.905831120299,481.14143122409683
850,3553.3086125214118,69.09673772672423
851,6723.014167490358,310.18311623676243
852,6080.130394912883,524.889011077309
853,14799.03409586432,280.0961024979491
854,16104.431624124925,74.96723539116815
855,23357.68153861111,89.44358389551547
856,9517.25506766847,442.0401451901169
857,6312.5913889335525,134.89474119770318
858,6567.425931611387,507.5840041548367
859,7395.922912720993,113.21707155232605
860,17007.909360636706,110.24090331016275
861,16509.595450030025,67.19723961738694
862,4563.013251622273,119.10012078959971
863,9541.167061271493,66.58437819158125
864,14345.789647495372,408.2784024815856
865,11591.18352901181,219.92104781596282
866,22561.905846016638,165.84182228435608
867,10840.672533903371,734.8878321810198
868,10797.698953627842,341.06691962365124
869,9733.483885896057,165.95792370733483
870,23594.117840168827,424.9936124735042
871,11523.457688441447,66.23046018756702
872,9191.2440266835,425.3254672282596
873,22754.653337929543,339.8726019553333
874,10909.376555302102,361.85389172341996
875,8220.650311949648,127.10892404937528
876,11525.605458116981,62.50817773446124
877,15496.643987868876,248.69374362213392
878,16537.983152960274,454.3718032247921
879,5388.260904193626,210.18275781255946
880,10186.812384895984,388.3860100601228
881,12562.062236241756,100.94701161219791
882,5202.760423446613,196.80913647139096
883,12551.183951992503,164.45636272798444
884,5903.712337677503,273.67636451143966
885,8676.098870575823,458.5702211640885
886,12102.90997185406,159.4155300108892
887,7110.892856618806,402.49058042001076
888,29357.011615424242,142.49014924546134
889,16701.181069883478,369.78246439347976
890,15813.14497647054,243.6232327322756
891,3332.145630740968,100.9469356196241
892,7708.128573073244,216.4517177558256
893,11034.213902444088,358.2259428664247
894,7317.989278103289,62.938879006110795
895,9876.166372932183,226.58562711555516
896,8600.036773177004,1139.2061213220632
897,10332.520349607137,341.7845791409882
898,6510.2496527043,189.79005074381826
899,17514.342524728476,131.6587281438779
900,21673.471480054453,198.58657117451244
901,12260.457871957324,110.98713732946194
902,11518.69330330067,93.45397103055245
903,10594.161948564853,371.16435254247483
904,10383.406840731395,143.24232444968322
905,21228.935896544364,174.96745257651435
906,4482.132296698574,202.60741171639023
907,9028.01742423011,223.65160207952604
908,8803.544969486298,178.12082279598872
909,12797.175298800505,1407.0711623554798
910,21752.274509906092,175.97492069960558
911,3722.2795453076396,435.455799596423
912,12636.153491229321,324.1700459500918
913,4729.916285993171,113.11454521263161
914,14437.238877879216,276.9087787840695
915,9937.329727716266,68.27133828303924
916,12966.110315948052,407.06336453503445
917,8952.04860699899,329.0013499390845
918,28338.55917591569,216.52084236140408
919,9706.740988251979,135.38601688424154
920,2169.4364956163677,140.50204084591067
921,16051.82537640593,100.9890966428921
922,5932.714428101834,219.115008085324
923,6392.035307319079,79.2506156663889
924,16594.74721540994,403.576778093608
925,19874.356975503142,69.88287538520322
926,10859.55770696203,388.87223645077904
927,11687.612933348044,157.49203349486723
928,13694.980937007194,158.92765282984954
929,9153.198611684016,124.07917691372009
930,18889.171631949765,127.32190377656053
931,21545.384353936577,378.1523447986458
932,6451.406145207808,276.11314204057146
933,11515.730190499524,179.014114679645
934,16363.335801600593,204.154925821833
935,7299.548086025005,144.45989602476197
936,9926.272273175939,460.65231830039863
937,16975.504591936577,200.86140989699433
938,7410.915840900445,720.8104046999845
939,6645.3641308632,142.16875192382258
940,6686.986674960413,390.81170527866846
941,8896.6439408003,262.61639057375675
942,4266.231368208862,273.8251550096487
943,10669.59066823582,334.9053540886133
944,4131.809129360531,118.95343802191218
945,11356.208920725221,424.80687225361686
946,14908.003491894442,445.97859231741
947,12558.573767475296,176.56834239232614
948,17228.69758373405,385.78561382367906
949,13249.794392245996,201.66673683759862
950,15892.213715150921,487.5479932545686
951,12528.177972367483,197.5239463258903
952,15345.711122305967,136.7259800586107
953,4335.973070863068,76.90163100148234
954,14927.864841319364,823.4151516363075
955,16317.792101567093,125.1069710803589
956,6411.41670326712,75.63974660416288
957,10585.898864840981,556.9561922221434
958,8833.412799415682,162.7848212839769
959,18170.058350904364,359.3134333958565
960,18345.80383845553,218.4211203718527
961,10166.379753808043,638.3797816410852
962,7951.9651787852035,309.7485075735177
963,17510.2938322443,491.3019289568557
964,24215.43317733668,403.8290666459865
965,27119.002684732164,95.42991824707418
966,1980.1805223710073,472.7639562096258
967,17044.07744656845,162.51651316001568
968,12350.10994697063,68.63407955409156
969,10717.163108117416,170.7605165313181
970,15466.640750510163,295.36909176356045
971,19359.133336569477,406.03768882032955
972,8772.701084462456,128.18872027861227
973,4733.272670763434,127.28397950658984
974,15495.843999043605,321.8018396282413
975,21058.628079400827,496.614405991504
976,8366.610011995721,77.83903114647997
977,8624.868880851933,157.81730615982377
978,12870.284770487835,238.11927478608163
979,4527.094843789883,307.11195730626565
980,3090.434847573044,619.4043522526094
981,12211.004054607114,121.05234376152416
982,8619.78431720113,480.9853553770392
983,8343.75744830262,231.2766713945752
984,11726.563915368979,270.09224489607885
985,5972.002447551155,240.3585478869004
986,6101.753187911539,156.51447365286893
987,12098.81674134842,77.66195611380172
988,14957.577501696436,199.945374631191
989,14829.645533582423,174.9204015171203
990,11311.998372016282,937.9290553330732
991,5876.113311246352,284.7904176787738
992,4205.916439008683,120.71537964384228
993,6740.196619393493,250.110681250462
994,5893.7167210340895,57.80195740779259
995,13059.357211755727,210.38398097221443
996,9261.143605975662,195.6786728421288
997,9238.264690884427,851.9661271950795
998,11382.396910965068,232.26076195171532
999,10607.739029303802,72.8914406532527
